<?xml version="1.0" encoding="utf-8"?>

<!--
  blue: #3369E8
  red: #D50F25
  yellow: #EEB211
  green: #009925
-->
<layout>

        <row> <button icon="web" ontap="command10" color="#D50F25" />
        </row>
	<row>
		<button icon="arrowup" ontap="command1"  color="black" />
                <button icon="rwd" ontap="command4" color="black"  />
                <button icon="thumbsup" ontap="command6" color="#ff944d" />
	</row>
	<row>
		<button icon="arrowdown" ontap="command2" color="black"  />
                <button icon="ff" ontap="command5" color="black"  />
                <button icon="thumbsdown" ontap="command7" color="#9999ff" />
	</row>
	<row>
		<button icon="fullscreen" ontap="command3" color="black" />
                <button icon="list" ontap="command8" color="black" />
                <button icon="docclose" ontap="command9" color="black" />
	</row>
</layout> 